dataset,scenario,baskets,candidate_mode,exhaustive_max_categories,pair_candidate_min_count,pair_model_min_count,triple_min_count,top_l_neighbors,max_candidates,epsilon,ridge2,ridge3,min_rest_size,memory_limit_mb,block_size,temporal_pearson_top25,csid_minus_pl_ccc,pair_correction_pearson,full_transfer_ccc,partial_transfer_ccc
complete-journey,default,72936,auto,40,5,0,0,20,250000,0.5,1.0,1.0,2,512.0,50000,0.5717846084327567,0.0382595795047694,0.6879315966501046,0.1583033174178879,0.4416084496572364
complete-journey,epsilon_0.25,72936,auto,40,5,0,0,20,250000,0.25,1.0,1.0,2,512.0,50000,0.5707389791493369,0.0382670200221327,0.6825292495734199,0.1586576552420629,0.4377959817851891
complete-journey,epsilon_1,72936,auto,40,5,0,0,20,250000,1.0,1.0,1.0,2,512.0,50000,0.5714698228352599,0.0386478235789069,0.6989806910722796,0.1596811155164896,0.4475065217178819
complete-journey,ridge_0.1,72936,auto,40,5,0,0,20,250000,0.5,0.1,0.1,2,512.0,50000,0.571836005765172,0.0384139517814513,0.6877845964166326,0.1587566361004007,0.4417628219339183
complete-journey,ridge_10,72936,auto,40,5,0,0,20,250000,0.5,10.0,10.0,2,512.0,50000,0.5712878240076104,0.0366757287778662,0.6892739321589341,0.1539139589407001,0.4400245989303332
ta-feng,default,90258,auto,40,5,0,10,20,250000,0.5,1.0,1.0,2,512.0,50000,0.7389798469509752,0.1219315520411581,0.695263270903751,0.2681331345975281,0.4795672955010925
ta-feng,epsilon_0.25,90258,auto,40,5,0,10,20,250000,0.25,1.0,1.0,2,512.0,50000,0.7356383929215522,0.121321049252066,0.6814587289529779,0.2664995462068925,0.4755170346094453
ta-feng,epsilon_1,90258,auto,40,5,0,10,20,250000,1.0,1.0,1.0,2,512.0,50000,0.7451074335826112,0.1212370982381855,0.7214087105873968,0.2680949447892222,0.4863461084995689
ta-feng,ridge_0.1,90258,auto,40,5,0,10,20,250000,0.5,0.1,0.1,2,512.0,50000,0.738381331451793,0.1226703103010506,0.6865583541006215,0.2695424035772836,0.480306053760985
ta-feng,ridge_10,90258,auto,40,5,0,10,20,250000,0.5,10.0,10.0,2,512.0,50000,0.744628551825067,0.1140397559972006,0.7462818298933208,0.2545046491797715,0.471675499457135
instacart,default,373133,auto,40,5,0,30,20,250000,0.5,1.0,1.0,2,512.0,50000,0.722587384777935,0.0485960490405104,0.8144930471384381,0.4178221951159205,0.5972936633530349
instacart,epsilon_0.25,373133,auto,40,5,0,30,20,250000,0.25,1.0,1.0,2,512.0,50000,0.722519567586304,0.0489162636061245,0.8141671589799644,0.4172846768712681,0.5948316073423705
instacart,epsilon_1,373133,auto,40,5,0,30,20,250000,1.0,1.0,1.0,2,512.0,50000,0.7227022832496617,0.0483677947745856,0.8154204457372334,0.4205356888164207,0.6015292351329852
instacart,ridge_0.1,373133,auto,40,5,0,30,20,250000,0.5,0.1,0.1,2,512.0,50000,0.7225789300061538,0.0486604067788867,0.8145191562526208,0.4179572109092841,0.5973580210914112
instacart,ridge_10,373133,auto,40,5,0,30,20,250000,0.5,10.0,10.0,2,512.0,50000,0.7226712619890221,0.0479479754756703,0.8142591938028518,0.4164731950920756,0.5966455897881948
complete-journey,rest1_singletons,105666,auto,40,5,0,0,20,250000,0.5,1.0,1.0,1,512.0,50000,0.6467413370272901,0.048616764154589,0.7773872567891901,0.1960612656553878,0.4366034989775257
ta-feng,rest1_singletons,119389,auto,40,5,0,10,20,250000,0.5,1.0,1.0,1,512.0,50000,0.7794220283439618,0.1234364002293661,0.7626156839380833,0.299201541660152,0.4887729467659233
instacart,rest1_singletons,435189,auto,40,5,0,30,20,250000,0.5,1.0,1.0,1,512.0,50000,0.7570060693327866,0.0458408772717375,0.8594834104086232,0.4863317474267702,0.6181627884192038
