cardinality_strength,method,replicates,mean_basket_size,mean_basket_size_mc_se,mean_basket_size_ci_low,mean_basket_size_ci_high,mean_pair_coefficient,mean_pair_coefficient_mc_se,mean_pair_coefficient_ci_low,mean_pair_coefficient_ci_high,median_pair_coefficient,median_pair_coefficient_mc_se,median_pair_coefficient_ci_low,median_pair_coefficient_ci_high,negative_pair_fraction,negative_pair_fraction_mc_se,negative_pair_fraction_ci_low,negative_pair_fraction_ci_high,rmse_to_zero,rmse_to_zero_mc_se,rmse_to_zero_ci_low,rmse_to_zero_ci_high
0.0,CSID-2,20,4.2707250000000005,0.0388934224414685,4.189320131271743,4.352129868728258,4.1620112290696535e-05,4.685954052495043e-05,-5.6458033206545654e-05,0.0001396982577879,0.0003724322956577,0.0012945828037707,-0.0023371606530577,0.0030820252443732,0.5022222222222222,0.0119995668104613,0.477106840245447,0.5273376041989974,0.0417561359957488,0.0006467152068828,0.0404025455113914,0.0431097264801063
0.0,Ordinary pairwise Ising,20,4.2707250000000005,0.0388934224414685,4.189320131271743,4.352129868728258,-0.0009619388795222,0.001380271521079,-0.0038508803747555,0.001927002615711,-0.0008412244539604,0.0018791785391216,-0.0047743903388699,0.0030919414309489,0.5144444444444444,0.0161438465576334,0.4806549852686408,0.5482339036202479,0.0424460928741985,0.000689843855524,0.0410022330908009,0.0438899526575961
0.25,CSID-2,20,3.358455,0.0322844711530416,3.290882825292833,3.4260271747071673,-0.0001826813422927,0.0002020011946095,-0.0006054747016296,0.0002401120170441,0.0008547566514941,0.0015434679498958,-0.002375758894846,0.0040852721978343,0.4922222222222222,0.0122009384059466,0.4666853646522216,0.5177590797922228,0.0468520790145709,0.0012708324519075,0.0441921961236057,0.049511961905536
0.25,Ordinary pairwise Ising,20,3.358455,0.0322844711530416,3.290882825292833,3.4260271747071673,-0.0564047828556203,0.0015990800375734,-0.0597516958391857,-0.053057869872055,-0.0553302624656162,0.0025938443428027,-0.0607592410684934,-0.049901283862739,0.8866666666666667,0.010922373625455,0.8638058759373545,0.909527457395979,0.0734704300784179,0.0013224075511713,0.070702599264085,0.0762382608927508
0.5,CSID-2,20,2.7207350000000003,0.0237476084945521,2.6710306841862317,2.770439315813769,-0.0005060062955125,0.0003554223574967,-0.0012499138392277,0.0002379012482025,4.773172294982894e-05,0.0010642193803311,-0.0021797050392506,0.0022751684851503,0.4933333333333333,0.0081570038709533,0.4762605280195263,0.5104061386471402,0.0521703101791557,0.001140296922197,0.0497836412918295,0.0545569790664818
0.5,Ordinary pairwise Ising,20,2.7207350000000003,0.0237476084945521,2.6710306841862317,2.770439315813769,-0.1370168665048578,0.0031451497935098,-0.1435997406773912,-0.1304339923323245,-0.1367201681922207,0.0037296321896499,-0.1445263780792536,-0.1289139583051877,0.9966666666666668,0.0018203956042425,0.992856534878448,1.0004767984548857,0.1462984505109607,0.002920331860047,0.1401861256810274,0.1524107753408941
0.75,CSID-2,20,2.281425,0.0176317460027435,2.24452133149504,2.31832866850496,-0.0020235024722337,0.0005332729159079,-0.0031396555127935,-0.000907349431674,0.0012994407404335,0.0018323531605977,-0.0025357185008685,0.0051345999817356,0.4955555555555556,0.0103355025076563,0.4739231001926335,0.5171880109184777,0.0621280245726263,0.0017631825219802,0.0584376411418093,0.0658184080034433
0.75,Ordinary pairwise Ising,20,2.281425,0.0176317460027435,2.24452133149504,2.31832866850496,-0.2350787842322646,0.0026162493661475,-0.2405546570879419,-0.2296029113765874,-0.2351631885274069,0.0029270786343375,-0.24128963451822,-0.2290367425365939,1.0,0.0,1.0,1.0,0.2420514767892195,0.0026249149084764,0.2365574667450034,0.2475454868334356
1.0,CSID-2,20,1.97423,0.0136760895842265,1.9456056155299708,2.002854384470029,-0.0030683752215225,0.0007990802468199,-0.0047408693995192,-0.0013958810435258,-0.0025066182819795,0.0020743487462351,-0.0068482801050814,0.0018350435411222,0.5111111111111111,0.0129977255970133,0.4839065587839635,0.5383156634382587,0.0799369132505301,0.0018016296867302,0.0761660589790675,0.0837077675219926
1.0,Ordinary pairwise Ising,20,1.97423,0.0136760895842265,1.9456056155299708,2.002854384470029,-0.3606311460368508,0.0076736705114762,-0.3766923230029743,-0.3445699690707273,-0.3593654834266658,0.0078274372459644,-0.3757484978668408,-0.3429824689864907,1.0,0.0,1.0,1.0,0.3672928812961761,0.0075289240462646,0.3515346621635311,0.3830511004288211
